-- MySQL dump 10.13  Distrib 8.0.28, for Win64 (x86_64)
--
-- Host: localhost    Database: ecommercedb
-- ------------------------------------------------------
-- Server version	8.0.28

/*!40101 SET @OLD_CHARACTER_SET_CLIENT=@@CHARACTER_SET_CLIENT */;
/*!40101 SET @OLD_CHARACTER_SET_RESULTS=@@CHARACTER_SET_RESULTS */;
/*!40101 SET @OLD_COLLATION_CONNECTION=@@COLLATION_CONNECTION */;
/*!50503 SET NAMES utf8 */;
/*!40103 SET @OLD_TIME_ZONE=@@TIME_ZONE */;
/*!40103 SET TIME_ZONE='+00:00' */;
/*!40014 SET @OLD_UNIQUE_CHECKS=@@UNIQUE_CHECKS, UNIQUE_CHECKS=0 */;
/*!40014 SET @OLD_FOREIGN_KEY_CHECKS=@@FOREIGN_KEY_CHECKS, FOREIGN_KEY_CHECKS=0 */;
/*!40101 SET @OLD_SQL_MODE=@@SQL_MODE, SQL_MODE='NO_AUTO_VALUE_ON_ZERO' */;
/*!40111 SET @OLD_SQL_NOTES=@@SQL_NOTES, SQL_NOTES=0 */;

DROP DATABASE IF EXISTS ecommercedb;

CREATE DATABASE IF NOT EXISTS ecommercedb;

use ecommercedb;
--
-- Table structure for table `addresses`
--

DROP TABLE IF EXISTS `addresses`;
/*!40101 SET @saved_cs_client     = @@character_set_client */;
/*!50503 SET character_set_client = utf8mb4 */;
CREATE TABLE `addresses` (
  `id` int NOT NULL AUTO_INCREMENT,
  `address_line_1` varchar(64) NOT NULL,
  `address_line_2` varchar(64) DEFAULT NULL,
  `city` varchar(45) NOT NULL,
  `first_name` varchar(45) NOT NULL,
  `last_name` varchar(45) NOT NULL,
  `phone_number` varchar(15) NOT NULL,
  `postal_code` varchar(10) NOT NULL,
  `state` varchar(45) NOT NULL,
  `default_address` bit(1) DEFAULT NULL,
  `country_id` int DEFAULT NULL,
  `customer_id` int DEFAULT NULL,
  PRIMARY KEY (`id`),
  KEY `FKn3sth7s3kur1rafwbbrqqnswt` (`country_id`),
  KEY `FKhrpf5e8dwasvdc5cticysrt2k` (`customer_id`),
  CONSTRAINT `FKhrpf5e8dwasvdc5cticysrt2k` FOREIGN KEY (`customer_id`) REFERENCES `customers` (`id`),
  CONSTRAINT `FKn3sth7s3kur1rafwbbrqqnswt` FOREIGN KEY (`country_id`) REFERENCES `countries` (`id`)
) ENGINE=InnoDB DEFAULT CHARSET=utf8mb4 COLLATE=utf8mb4_0900_ai_ci;
/*!40101 SET character_set_client = @saved_cs_client */;

--
-- Dumping data for table `addresses`
--

LOCK TABLES `addresses` WRITE;
/*!40000 ALTER TABLE `addresses` DISABLE KEYS */;
/*!40000 ALTER TABLE `addresses` ENABLE KEYS */;
UNLOCK TABLES;

--
-- Table structure for table `brands`
--

DROP TABLE IF EXISTS `brands`;
/*!40101 SET @saved_cs_client     = @@character_set_client */;
/*!50503 SET character_set_client = utf8mb4 */;
CREATE TABLE `brands` (
  `id` int NOT NULL AUTO_INCREMENT,
  `logo` varchar(128) NOT NULL,
  `name` varchar(45) NOT NULL,
  PRIMARY KEY (`id`),
  UNIQUE KEY `UK_oce3937d2f4mpfqrycbr0l93m` (`name`)
) ENGINE=InnoDB DEFAULT CHARSET=utf8mb4 COLLATE=utf8mb4_0900_ai_ci;
/*!40101 SET character_set_client = @saved_cs_client */;

--
-- Dumping data for table `brands`
--

LOCK TABLES `brands` WRITE;
/*!40000 ALTER TABLE `brands` DISABLE KEYS */;
/*!40000 ALTER TABLE `brands` ENABLE KEYS */;
UNLOCK TABLES;

--
-- Table structure for table `brands_categories`
--

DROP TABLE IF EXISTS `brands_categories`;
/*!40101 SET @saved_cs_client     = @@character_set_client */;
/*!50503 SET character_set_client = utf8mb4 */;
CREATE TABLE `brands_categories` (
  `brand_id` int NOT NULL,
  `category_id` int NOT NULL,
  PRIMARY KEY (`brand_id`,`category_id`),
  KEY `FK6x68tjj3eay19skqlhn7ls6ai` (`category_id`),
  CONSTRAINT `FK58ksmicdguvu4d7b6yglgqvxo` FOREIGN KEY (`brand_id`) REFERENCES `brands` (`id`),
  CONSTRAINT `FK6x68tjj3eay19skqlhn7ls6ai` FOREIGN KEY (`category_id`) REFERENCES `categories` (`id`)
) ENGINE=InnoDB DEFAULT CHARSET=utf8mb4 COLLATE=utf8mb4_0900_ai_ci;
/*!40101 SET character_set_client = @saved_cs_client */;

--
-- Dumping data for table `brands_categories`
--

LOCK TABLES `brands_categories` WRITE;
/*!40000 ALTER TABLE `brands_categories` DISABLE KEYS */;
/*!40000 ALTER TABLE `brands_categories` ENABLE KEYS */;
UNLOCK TABLES;

--
-- Table structure for table `cart_items`
--

DROP TABLE IF EXISTS `cart_items`;
/*!40101 SET @saved_cs_client     = @@character_set_client */;
/*!50503 SET character_set_client = utf8mb4 */;
CREATE TABLE `cart_items` (
  `id` int NOT NULL AUTO_INCREMENT,
  `quantity` int NOT NULL,
  `customer_id` int DEFAULT NULL,
  `product_id` int DEFAULT NULL,
  PRIMARY KEY (`id`),
  KEY `FKdagcsk6v6x4n1kxw3rkp57921` (`customer_id`),
  KEY `FK1re40cjegsfvw58xrkdp6bac6` (`product_id`),
  CONSTRAINT `FK1re40cjegsfvw58xrkdp6bac6` FOREIGN KEY (`product_id`) REFERENCES `products` (`id`),
  CONSTRAINT `FKdagcsk6v6x4n1kxw3rkp57921` FOREIGN KEY (`customer_id`) REFERENCES `customers` (`id`)
) ENGINE=InnoDB DEFAULT CHARSET=utf8mb4 COLLATE=utf8mb4_0900_ai_ci;
/*!40101 SET character_set_client = @saved_cs_client */;

--
-- Dumping data for table `cart_items`
--

LOCK TABLES `cart_items` WRITE;
/*!40000 ALTER TABLE `cart_items` DISABLE KEYS */;
/*!40000 ALTER TABLE `cart_items` ENABLE KEYS */;
UNLOCK TABLES;

--
-- Table structure for table `categories`
--

DROP TABLE IF EXISTS `categories`;
/*!40101 SET @saved_cs_client     = @@character_set_client */;
/*!50503 SET character_set_client = utf8mb4 */;
CREATE TABLE `categories` (
  `id` int NOT NULL AUTO_INCREMENT,
  `alias` varchar(64) NOT NULL,
  `all_parent_ids` varchar(256) DEFAULT NULL,
  `enabled` bit(1) NOT NULL,
  `image` varchar(128) NOT NULL,
  `name` varchar(128) NOT NULL,
  `parent_id` int DEFAULT NULL,
  PRIMARY KEY (`id`),
  UNIQUE KEY `UK_jx1ptm0r46dop8v0o7nmgfbeq` (`alias`),
  UNIQUE KEY `UK_t8o6pivur7nn124jehx7cygw5` (`name`),
  KEY `FKsaok720gsu4u2wrgbk10b5n8d` (`parent_id`),
  CONSTRAINT `FKsaok720gsu4u2wrgbk10b5n8d` FOREIGN KEY (`parent_id`) REFERENCES `categories` (`id`)
) ENGINE=InnoDB DEFAULT CHARSET=utf8mb4 COLLATE=utf8mb4_0900_ai_ci;
/*!40101 SET character_set_client = @saved_cs_client */;

--
-- Dumping data for table `categories`
--

LOCK TABLES `categories` WRITE;
/*!40000 ALTER TABLE `categories` DISABLE KEYS */;
/*!40000 ALTER TABLE `categories` ENABLE KEYS */;
UNLOCK TABLES;

--
-- Table structure for table `countries`
--

DROP TABLE IF EXISTS `countries`;
/*!40101 SET @saved_cs_client     = @@character_set_client */;
/*!50503 SET character_set_client = utf8mb4 */;
CREATE TABLE `countries` (
  `id` int NOT NULL AUTO_INCREMENT,
  `code` varchar(5) NOT NULL,
  `name` varchar(45) NOT NULL,
  PRIMARY KEY (`id`)
) ENGINE=InnoDB DEFAULT CHARSET=utf8mb4 COLLATE=utf8mb4_0900_ai_ci;
/*!40101 SET character_set_client = @saved_cs_client */;

--
-- Dumping data for table `countries`
--

LOCK TABLES `countries` WRITE;
/*!40000 ALTER TABLE `countries` DISABLE KEYS */;
/*!40000 ALTER TABLE `countries` ENABLE KEYS */;
UNLOCK TABLES;

--
-- Table structure for table `currencies`
--

DROP TABLE IF EXISTS `currencies`;
/*!40101 SET @saved_cs_client     = @@character_set_client */;
/*!50503 SET character_set_client = utf8mb4 */;
CREATE TABLE `currencies` (
  `id` int NOT NULL AUTO_INCREMENT,
  `code` varchar(4) NOT NULL,
  `name` varchar(64) NOT NULL,
  `symbol` varchar(3) NOT NULL,
  PRIMARY KEY (`id`)
) ENGINE=InnoDB DEFAULT CHARSET=utf8mb4 COLLATE=utf8mb4_0900_ai_ci;
/*!40101 SET character_set_client = @saved_cs_client */;

--
-- Dumping data for table `currencies`
--

LOCK TABLES `currencies` WRITE;
/*!40000 ALTER TABLE `currencies` DISABLE KEYS */;
/*!40000 ALTER TABLE `currencies` ENABLE KEYS */;
UNLOCK TABLES;

--
-- Table structure for table `customers`
--

DROP TABLE IF EXISTS `customers`;
/*!40101 SET @saved_cs_client     = @@character_set_client */;
/*!50503 SET character_set_client = utf8mb4 */;
CREATE TABLE `customers` (
  `id` int NOT NULL AUTO_INCREMENT,
  `address_line_1` varchar(64) NOT NULL,
  `address_line_2` varchar(64) DEFAULT NULL,
  `city` varchar(45) NOT NULL,
  `first_name` varchar(45) NOT NULL,
  `last_name` varchar(45) NOT NULL,
  `phone_number` varchar(15) NOT NULL,
  `postal_code` varchar(10) NOT NULL,
  `state` varchar(45) NOT NULL,
  `authentication_type` varchar(10) DEFAULT NULL,
  `created_time` datetime(6) DEFAULT NULL,
  `email` varchar(45) NOT NULL,
  `enabled` bit(1) NOT NULL,
  `password` varchar(64) NOT NULL,
  `reset_password_token` varchar(30) DEFAULT NULL,
  `verification_code` varchar(64) DEFAULT NULL,
  `country_id` int DEFAULT NULL,
  PRIMARY KEY (`id`),
  UNIQUE KEY `UK_rfbvkrffamfql7cjmen8v976v` (`email`),
  KEY `FK7b7p2myt0y31l4nyj1p7sk0b1` (`country_id`),
  CONSTRAINT `FK7b7p2myt0y31l4nyj1p7sk0b1` FOREIGN KEY (`country_id`) REFERENCES `countries` (`id`)
) ENGINE=InnoDB DEFAULT CHARSET=utf8mb4 COLLATE=utf8mb4_0900_ai_ci;
/*!40101 SET character_set_client = @saved_cs_client */;

--
-- Dumping data for table `customers`
--

LOCK TABLES `customers` WRITE;
/*!40000 ALTER TABLE `customers` DISABLE KEYS */;
/*!40000 ALTER TABLE `customers` ENABLE KEYS */;
UNLOCK TABLES;

--
-- Table structure for table `order_details`
--

DROP TABLE IF EXISTS `order_details`;
/*!40101 SET @saved_cs_client     = @@character_set_client */;
/*!50503 SET character_set_client = utf8mb4 */;
CREATE TABLE `order_details` (
  `id` int NOT NULL AUTO_INCREMENT,
  `product_cost` float NOT NULL,
  `quantity` int NOT NULL,
  `shipping_cost` float NOT NULL,
  `subtotal` float NOT NULL,
  `unit_price` float NOT NULL,
  `order_id` int DEFAULT NULL,
  `product_id` int DEFAULT NULL,
  PRIMARY KEY (`id`),
  KEY `FKjyu2qbqt8gnvno9oe9j2s2ldk` (`order_id`),
  KEY `FK4q98utpd73imf4yhttm3w0eax` (`product_id`),
  CONSTRAINT `FK4q98utpd73imf4yhttm3w0eax` FOREIGN KEY (`product_id`) REFERENCES `products` (`id`),
  CONSTRAINT `FKjyu2qbqt8gnvno9oe9j2s2ldk` FOREIGN KEY (`order_id`) REFERENCES `orders` (`id`)
) ENGINE=InnoDB DEFAULT CHARSET=utf8mb4 COLLATE=utf8mb4_0900_ai_ci;
/*!40101 SET character_set_client = @saved_cs_client */;

--
-- Dumping data for table `order_details`
--

LOCK TABLES `order_details` WRITE;
/*!40000 ALTER TABLE `order_details` DISABLE KEYS */;
/*!40000 ALTER TABLE `order_details` ENABLE KEYS */;
UNLOCK TABLES;

--
-- Table structure for table `order_track`
--

DROP TABLE IF EXISTS `order_track`;
/*!40101 SET @saved_cs_client     = @@character_set_client */;
/*!50503 SET character_set_client = utf8mb4 */;
CREATE TABLE `order_track` (
  `id` int NOT NULL AUTO_INCREMENT,
  `notes` varchar(256) DEFAULT NULL,
  `status` varchar(45) NOT NULL,
  `updated_time` datetime(6) DEFAULT NULL,
  `order_id` int DEFAULT NULL,
  PRIMARY KEY (`id`),
  KEY `FK31jv1s212kajfn3kk1ksmnyfl` (`order_id`),
  CONSTRAINT `FK31jv1s212kajfn3kk1ksmnyfl` FOREIGN KEY (`order_id`) REFERENCES `orders` (`id`)
) ENGINE=InnoDB DEFAULT CHARSET=utf8mb4 COLLATE=utf8mb4_0900_ai_ci;
/*!40101 SET character_set_client = @saved_cs_client */;

--
-- Dumping data for table `order_track`
--

LOCK TABLES `order_track` WRITE;
/*!40000 ALTER TABLE `order_track` DISABLE KEYS */;
/*!40000 ALTER TABLE `order_track` ENABLE KEYS */;
UNLOCK TABLES;

--
-- Table structure for table `orders`
--

DROP TABLE IF EXISTS `orders`;
/*!40101 SET @saved_cs_client     = @@character_set_client */;
/*!50503 SET character_set_client = utf8mb4 */;
CREATE TABLE `orders` (
  `id` int NOT NULL AUTO_INCREMENT,
  `address_line_1` varchar(64) NOT NULL,
  `address_line_2` varchar(64) DEFAULT NULL,
  `city` varchar(45) NOT NULL,
  `first_name` varchar(45) NOT NULL,
  `last_name` varchar(45) NOT NULL,
  `phone_number` varchar(15) NOT NULL,
  `postal_code` varchar(10) NOT NULL,
  `state` varchar(45) NOT NULL,
  `country` varchar(45) NOT NULL,
  `deliver_date` datetime(6) DEFAULT NULL,
  `deliver_days` int NOT NULL,
  `order_time` datetime(6) DEFAULT NULL,
  `payment_method` varchar(255) DEFAULT NULL,
  `product_cost` float NOT NULL,
  `shipping_cost` float NOT NULL,
  `status` varchar(255) DEFAULT NULL,
  `subtotal` float NOT NULL,
  `tax` float NOT NULL,
  `total` float NOT NULL,
  `customer_id` int DEFAULT NULL,
  PRIMARY KEY (`id`),
  KEY `FKpxtb8awmi0dk6smoh2vp1litg` (`customer_id`),
  CONSTRAINT `FKpxtb8awmi0dk6smoh2vp1litg` FOREIGN KEY (`customer_id`) REFERENCES `customers` (`id`)
) ENGINE=InnoDB DEFAULT CHARSET=utf8mb4 COLLATE=utf8mb4_0900_ai_ci;
/*!40101 SET character_set_client = @saved_cs_client */;

--
-- Dumping data for table `orders`
--

LOCK TABLES `orders` WRITE;
/*!40000 ALTER TABLE `orders` DISABLE KEYS */;
/*!40000 ALTER TABLE `orders` ENABLE KEYS */;
UNLOCK TABLES;

--
-- Table structure for table `product_details`
--

DROP TABLE IF EXISTS `product_details`;
/*!40101 SET @saved_cs_client     = @@character_set_client */;
/*!50503 SET character_set_client = utf8mb4 */;
CREATE TABLE `product_details` (
  `id` int NOT NULL AUTO_INCREMENT,
  `name` varchar(255) NOT NULL,
  `value` varchar(255) NOT NULL,
  `product_id` int DEFAULT NULL,
  PRIMARY KEY (`id`),
  KEY `FKnfvvq3meg4ha3u1bju9k4is3r` (`product_id`),
  CONSTRAINT `FKnfvvq3meg4ha3u1bju9k4is3r` FOREIGN KEY (`product_id`) REFERENCES `products` (`id`)
) ENGINE=InnoDB DEFAULT CHARSET=utf8mb4 COLLATE=utf8mb4_0900_ai_ci;
/*!40101 SET character_set_client = @saved_cs_client */;

--
-- Dumping data for table `product_details`
--

LOCK TABLES `product_details` WRITE;
/*!40000 ALTER TABLE `product_details` DISABLE KEYS */;
/*!40000 ALTER TABLE `product_details` ENABLE KEYS */;
UNLOCK TABLES;

--
-- Table structure for table `product_images`
--

DROP TABLE IF EXISTS `product_images`;
/*!40101 SET @saved_cs_client     = @@character_set_client */;
/*!50503 SET character_set_client = utf8mb4 */;
CREATE TABLE `product_images` (
  `id` int NOT NULL AUTO_INCREMENT,
  `name` varchar(255) NOT NULL,
  `product_id` int DEFAULT NULL,
  PRIMARY KEY (`id`),
  KEY `FKqnq71xsohugpqwf3c9gxmsuy` (`product_id`),
  CONSTRAINT `FKqnq71xsohugpqwf3c9gxmsuy` FOREIGN KEY (`product_id`) REFERENCES `products` (`id`)
) ENGINE=InnoDB DEFAULT CHARSET=utf8mb4 COLLATE=utf8mb4_0900_ai_ci;
/*!40101 SET character_set_client = @saved_cs_client */;

--
-- Dumping data for table `product_images`
--

LOCK TABLES `product_images` WRITE;
/*!40000 ALTER TABLE `product_images` DISABLE KEYS */;
/*!40000 ALTER TABLE `product_images` ENABLE KEYS */;
UNLOCK TABLES;

--
-- Table structure for table `products`
--

DROP TABLE IF EXISTS `products`;
/*!40101 SET @saved_cs_client     = @@character_set_client */;
/*!50503 SET character_set_client = utf8mb4 */;
CREATE TABLE `products` (
  `id` int NOT NULL AUTO_INCREMENT,
  `alias` varchar(255) NOT NULL,
  `average_rating` float NOT NULL,
  `cost` float NOT NULL,
  `created_time` datetime(6) NOT NULL,
  `discount_percent` float DEFAULT NULL,
  `enabled` bit(1) NOT NULL,
  `full_description` varchar(4096) NOT NULL,
  `height` float NOT NULL,
  `in_stock` bit(1) DEFAULT NULL,
  `length` float NOT NULL,
  `main_image` varchar(255) NOT NULL,
  `name` varchar(255) NOT NULL,
  `price` float NOT NULL,
  `review_count` int NOT NULL,
  `short_description` varchar(512) NOT NULL,
  `updated_time` datetime(6) DEFAULT NULL,
  `weight` float NOT NULL,
  `width` float NOT NULL,
  `brand_id` int DEFAULT NULL,
  `category_id` int DEFAULT NULL,
  PRIMARY KEY (`id`),
  UNIQUE KEY `UK_8qwq8q3hk7cxkp9gruxupnif5` (`alias`),
  UNIQUE KEY `UK_o61fmio5yukmmiqgnxf8pnavn` (`name`),
  KEY `FKa3a4mpsfdf4d2y6r8ra3sc8mv` (`brand_id`),
  KEY `FKog2rp4qthbtt2lfyhfo32lsw9` (`category_id`),
  CONSTRAINT `FKa3a4mpsfdf4d2y6r8ra3sc8mv` FOREIGN KEY (`brand_id`) REFERENCES `brands` (`id`),
  CONSTRAINT `FKog2rp4qthbtt2lfyhfo32lsw9` FOREIGN KEY (`category_id`) REFERENCES `categories` (`id`)
) ENGINE=InnoDB DEFAULT CHARSET=utf8mb4 COLLATE=utf8mb4_0900_ai_ci;
/*!40101 SET character_set_client = @saved_cs_client */;

--
-- Dumping data for table `products`
--

LOCK TABLES `products` WRITE;
/*!40000 ALTER TABLE `products` DISABLE KEYS */;
/*!40000 ALTER TABLE `products` ENABLE KEYS */;
UNLOCK TABLES;

--
-- Table structure for table `reviews`
--

DROP TABLE IF EXISTS `reviews`;
/*!40101 SET @saved_cs_client     = @@character_set_client */;
/*!50503 SET character_set_client = utf8mb4 */;
CREATE TABLE `reviews` (
  `id` int NOT NULL AUTO_INCREMENT,
  `comment` varchar(300) NOT NULL,
  `headline` varchar(128) NOT NULL,
  `rating` int NOT NULL,
  `review_time` datetime(6) NOT NULL,
  `votes` int NOT NULL,
  `customer_id` int DEFAULT NULL,
  `product_id` int DEFAULT NULL,
  PRIMARY KEY (`id`),
  KEY `FK4sm0k8kw740iyuex3vwwv1etu` (`customer_id`),
  KEY `FKpl51cejpw4gy5swfar8br9ngi` (`product_id`),
  CONSTRAINT `FK4sm0k8kw740iyuex3vwwv1etu` FOREIGN KEY (`customer_id`) REFERENCES `customers` (`id`),
  CONSTRAINT `FKpl51cejpw4gy5swfar8br9ngi` FOREIGN KEY (`product_id`) REFERENCES `products` (`id`)
) ENGINE=InnoDB DEFAULT CHARSET=utf8mb4 COLLATE=utf8mb4_0900_ai_ci;
/*!40101 SET character_set_client = @saved_cs_client */;

--
-- Dumping data for table `reviews`
--

LOCK TABLES `reviews` WRITE;
/*!40000 ALTER TABLE `reviews` DISABLE KEYS */;
/*!40000 ALTER TABLE `reviews` ENABLE KEYS */;
UNLOCK TABLES;

--
-- Table structure for table `reviews_votes`
--

DROP TABLE IF EXISTS `reviews_votes`;
/*!40101 SET @saved_cs_client     = @@character_set_client */;
/*!50503 SET character_set_client = utf8mb4 */;
CREATE TABLE `reviews_votes` (
  `id` int NOT NULL AUTO_INCREMENT,
  `votes` int NOT NULL,
  `customer_id` int DEFAULT NULL,
  `review_id` int DEFAULT NULL,
  PRIMARY KEY (`id`),
  KEY `FKckuygkph4k9llo624gn30lxvy` (`customer_id`),
  KEY `FKosupda11xqkvo80r77evmwrey` (`review_id`),
  CONSTRAINT `FKckuygkph4k9llo624gn30lxvy` FOREIGN KEY (`customer_id`) REFERENCES `customers` (`id`),
  CONSTRAINT `FKosupda11xqkvo80r77evmwrey` FOREIGN KEY (`review_id`) REFERENCES `reviews` (`id`)
) ENGINE=InnoDB DEFAULT CHARSET=utf8mb4 COLLATE=utf8mb4_0900_ai_ci;
/*!40101 SET character_set_client = @saved_cs_client */;

--
-- Dumping data for table `reviews_votes`
--

LOCK TABLES `reviews_votes` WRITE;
/*!40000 ALTER TABLE `reviews_votes` DISABLE KEYS */;
/*!40000 ALTER TABLE `reviews_votes` ENABLE KEYS */;
UNLOCK TABLES;

--
-- Table structure for table `roles`
--

DROP TABLE IF EXISTS `roles`;
/*!40101 SET @saved_cs_client     = @@character_set_client */;
/*!50503 SET character_set_client = utf8mb4 */;
CREATE TABLE `roles` (
  `id` int NOT NULL AUTO_INCREMENT,
  `description` varchar(150) NOT NULL,
  `name` varchar(40) NOT NULL,
  PRIMARY KEY (`id`),
  UNIQUE KEY `UK_ofx66keruapi6vyqpv6f2or37` (`name`)
) ENGINE=InnoDB AUTO_INCREMENT=6 DEFAULT CHARSET=utf8mb4 COLLATE=utf8mb4_0900_ai_ci;
/*!40101 SET character_set_client = @saved_cs_client */;

--
-- Dumping data for table `roles`
--

LOCK TABLES `roles` WRITE;
/*!40000 ALTER TABLE `roles` DISABLE KEYS */;
INSERT INTO `roles` VALUES 
(1,'manage everything','Admin'),
(2,'manage product price, customers, shipping, orders and sales report','Salesperson'),
(3,'manage categories, brands, products, articles and menus','Editor'),
(4,'view products, view orders and update order status','Shipper'),
(5,'manage questions and reviews','Assistant');
/*!40000 ALTER TABLE `roles` ENABLE KEYS */;
UNLOCK TABLES;

--
-- Table structure for table `settings`
--

DROP TABLE IF EXISTS `settings`;
/*!40101 SET @saved_cs_client     = @@character_set_client */;
/*!50503 SET character_set_client = utf8mb4 */;
CREATE TABLE `settings` (
  `key` varchar(128) NOT NULL,
  `category` varchar(45) NOT NULL,
  `value` varchar(1024) NOT NULL,
  PRIMARY KEY (`key`)
) ENGINE=InnoDB DEFAULT CHARSET=utf8mb4 COLLATE=utf8mb4_0900_ai_ci;
/*!40101 SET character_set_client = @saved_cs_client */;

--
-- Dumping data for table `settings`
--

LOCK TABLES `settings` WRITE;
/*!40000 ALTER TABLE `settings` DISABLE KEYS */;
/*!40000 ALTER TABLE `settings` ENABLE KEYS */;
UNLOCK TABLES;

--
-- Table structure for table `shipping_rates`
--

DROP TABLE IF EXISTS `shipping_rates`;
/*!40101 SET @saved_cs_client     = @@character_set_client */;
/*!50503 SET character_set_client = utf8mb4 */;
CREATE TABLE `shipping_rates` (
  `id` int NOT NULL AUTO_INCREMENT,
  `cod_supported` bit(1) DEFAULT NULL,
  `days` int NOT NULL,
  `rate` float NOT NULL,
  `state` varchar(45) NOT NULL,
  `country_id` int DEFAULT NULL,
  PRIMARY KEY (`id`),
  KEY `FKef7sfgeybt3xn13nlt2j6sljw` (`country_id`),
  CONSTRAINT `FKef7sfgeybt3xn13nlt2j6sljw` FOREIGN KEY (`country_id`) REFERENCES `countries` (`id`)
) ENGINE=InnoDB DEFAULT CHARSET=utf8mb4 COLLATE=utf8mb4_0900_ai_ci;
/*!40101 SET character_set_client = @saved_cs_client */;

--
-- Dumping data for table `shipping_rates`
--

LOCK TABLES `shipping_rates` WRITE;
/*!40000 ALTER TABLE `shipping_rates` DISABLE KEYS */;
/*!40000 ALTER TABLE `shipping_rates` ENABLE KEYS */;
UNLOCK TABLES;

--
-- Table structure for table `states`
--

DROP TABLE IF EXISTS `states`;
/*!40101 SET @saved_cs_client     = @@character_set_client */;
/*!50503 SET character_set_client = utf8mb4 */;
CREATE TABLE `states` (
  `id` int NOT NULL AUTO_INCREMENT,
  `name` varchar(45) NOT NULL,
  `country_id` int DEFAULT NULL,
  PRIMARY KEY (`id`),
  KEY `FKskkdphjml9vjlrqn4m5hi251y` (`country_id`),
  CONSTRAINT `FKskkdphjml9vjlrqn4m5hi251y` FOREIGN KEY (`country_id`) REFERENCES `countries` (`id`)
) ENGINE=InnoDB DEFAULT CHARSET=utf8mb4 COLLATE=utf8mb4_0900_ai_ci;
/*!40101 SET character_set_client = @saved_cs_client */;

--
-- Dumping data for table `states`
--

LOCK TABLES `states` WRITE;
/*!40000 ALTER TABLE `states` DISABLE KEYS */;
/*!40000 ALTER TABLE `states` ENABLE KEYS */;
UNLOCK TABLES;

--
-- Table structure for table `users`
--

DROP TABLE IF EXISTS `users`;
/*!40101 SET @saved_cs_client     = @@character_set_client */;
/*!50503 SET character_set_client = utf8mb4 */;
CREATE TABLE `users` (
  `id` int NOT NULL AUTO_INCREMENT,
  `email` varchar(128) NOT NULL,
  `enabled` bit(1) NOT NULL,
  `first_name` varchar(45) NOT NULL,
  `last_name` varchar(45) NOT NULL,
  `password` varchar(64) NOT NULL,
  `photos` varchar(64) DEFAULT NULL,
  PRIMARY KEY (`id`),
  UNIQUE KEY `UK_6dotkott2kjsp8vw4d0m25fb7` (`email`)
) ENGINE=InnoDB DEFAULT CHARSET=utf8mb4 COLLATE=utf8mb4_0900_ai_ci;
/*!40101 SET character_set_client = @saved_cs_client */;

--
-- Dumping data for table `users`
--

-- LOCK TABLES `users` WRITE;
-- /*!40000 ALTER TABLE `users` DISABLE KEYS */;
-- /*!40000 ALTER TABLE `users` ENABLE KEYS */;
-- UNLOCK TABLES;


--
-- Dumping data for table `users`
--

LOCK TABLES `users` WRITE;
/*!40000 ALTER TABLE `users` DISABLE KEYS */;
INSERT INTO `users` VALUES 
(1,'nam@codejava.net',1,'Nam','Ha Minh','$2a$10$bDqskP9Z/y6BIZnFLgJ8HuwMYaZXD9w2jVk2pYHXgn1k6N4nckleu','namhm.png'),
(2,'kanna.allada@gmail.com',1,'Allada','Pavan','$2a$10$zRa/rmQ8JarpYG2bNKftyelKnsUhsHwGB.xmCKTWJClsB7O9wzTnG','Allada Pavan.png'),
(3,'aecllc.bnk@gmail.com',0,'Bruce','Kitchell','$2a$10$GINThwCjVZAbGnmOe9BIeuDuvDlyfuwZrg/Rsmrjs1Lsq2pnXtO/S','Bruce Kitchell.png'),
(4,'muhammad.evran13@gmail.com',1,'Muhammad','Evran','$2a$10$UcHWHC72azPVZJb5Ky.Yy.X695WGf1ZkkGMS3WL3B9WqWf2dQD04G','Muhammad Evran.png'),
(5,'kent.hervey8@gmail.com',1,'Kent','Hervey','$2a$10$YHXRsZ07/Btv.qCgGht.7u2PW.GLWzpVB7eabfgH1mhTVVXffDT6K','KentHervey.png'),
(6,'alfredephraim26@gmail.com',0,'Alfred','Ephraim','$2a$10$1jl3q3r/Fh9ZBv6ziM4XhuxCi2GMFWcfHUrxsesXAEwnsiV/NJKbq','Alfred.png'),
(7,'nathihsa@gmail.com',1,'Nathi','Sangweni','$2a$10$WyHmQiXCSYuHcGeg8eFWvOScqzSgg88MmqpajPdzSkLsvZjT3tKC.','Nathi_Sangweni.png'),
(8,'ammanollashirisha2020@gmail.com',1,'Ammanolla','Shirisha','$2a$10$N1eE87eXFB2XQ5nmWKaTXOofnrPn8koeNvZhEpleJzO49i55e/Vk.','Ammanolla.png'),
(9,'bfeeny238@hotmail.com',1,'Bill','Feeny','$2a$10$3sH0v..zpjwA8ux5/q.OAeu0HgmSdMj8VzMWzhwwBDkE8wOISsUyi','Bill Feeny.png'),
(10,'redsantosph@gmail.com',1,'Frederick','delos Santos','$2a$10$KXHmKpE6YB/0sjiy3fkMv.muKyxqvOXE6jVeaPu8KEaExx62ZmmNe','Frederick Santos.png'),
(11,'ro_anamaria@mail.ru',1,'Ana','Maria','$2a$10$sz0CHOHAY1Xjt2ajIZgnG.L2KBQ4SsQkOGsPYue.C5gr6j.KMDdqS','Anna Maria.jpg'),
(12,'maytassatya@hotmail.com',0,'Satya','Narayana','$2a$10$R7EJcaYijjJo/IVk6c1CieBML2uP3RAKMVlCxylPAePlCfJsX7OOy','Satya Narayana.png'),
(13,'matthewefoli@gmail.com',1,'Matthew','Efoli','$2a$10$ECNnxXSVArnwS9KCet3yguQ1qHKyBIhh2G8c4F9CYgvp/Hadl8OS6','Matthew.png'),
(14,'davekumara2@gmail.com',1,'Dave','Kumar','$2a$10$5ebeZu18V5RheieYqpl/LORCN41E3H7yvxKqEwtq5Zq2JVw.E9dva','Dave Kumar.png'),
(15,'jackkbruce@yahoo.com',1,'Jack','Bruce','$2a$10$a6iyIHRj8DNpu15obVHTSOGcLe4IfpBcD4iEEJesWaFpBQvRoF2da','Jack Bruce.png'),
(16,'zirri.mohamed@gmail.com',1,'Mohamed','Zirri','$2a$10$TmvyH1AoyDqRmQ4uC8NAZOOV29CPEDGuxVsHLP1cJoHQGr78L4kjW','Mohamed Zirri.jpg'),
(17,'mk.majumdar009@hotmail.com',0,'Mithun','Kumar Majumdar','$2a$10$Y6SEy2INN0Rk/vhLHHJUYO6IMqNW3Ar.jVe9o0W1lpBRX8xr2Itui','Mithun Kumar Majumdar.png'),
(18,'aliraza.arain.28@gmail.com',1,'Ali','Raza','$2a$10$PISZ2KitSbhE4/Z3dtIGk.WUi2ILiDl4PzRUDEQSp5BJIxcdcPq4G','Ali Raza.png'),
(19,'isaachenry2877@gmail.com',1,'Isaac','Henry','$2a$10$CtmhrOz/AhDoCpKbeYl8O.0ngCFMukcznNZq7.YcHrkRyKpBG8Zca','Isaac Henry.jpg'),
(20,'s.stasovska82@hotmail.com',1,'Svetlana','Stasovska','$2a$10$fcN2cNa7vB.78QnmzfNZEeUBkrwUaM.bVK3iDB.KFQlR15DwL7QZy','Svetlana Stasovska.png'),
(21,'mikegates2012@gmail.com',1,'Mike','Gates','$2a$10$zIO1tygsw6cB2ymiR.WX0ulr9NKdTlZHqu7w/W/LLwk8HhK7nVnH.','Mike Gates.png'),
(22,'pedroquintero67@gmail.com',0,'Pedro','Quintero','$2a$10$UPX5EwZw0MyBvbe.7mxg2u8GOl/4KgaUU40iSjr1PLFYvhu35fMmu','Pedro Quintero.png'),
(23,'amina.elshal2@yahoo.com',1,'Amina','Elshal','$2a$10$J1yoyqG5vWNe5N663PkgY.h53gfJtTR7Bb8E8u3sXdNbOZxhXgHu.','Amina Elshal.png');
/*!40000 ALTER TABLE `users` ENABLE KEYS */;
UNLOCK TABLES;
--
-- Table structure for table `users_roles`
--

DROP TABLE IF EXISTS `users_roles`;
/*!40101 SET @saved_cs_client     = @@character_set_client */;
/*!50503 SET character_set_client = utf8mb4 */;
CREATE TABLE `users_roles` (
  `user_id` int NOT NULL,
  `role_id` int NOT NULL,
  PRIMARY KEY (`user_id`,`role_id`),
  KEY `FKj6m8fwv7oqv74fcehir1a9ffy` (`role_id`),
  CONSTRAINT `FK2o0jvgh89lemvvo17cbqvdxaa` FOREIGN KEY (`user_id`) REFERENCES `users` (`id`),
  CONSTRAINT `FKj6m8fwv7oqv74fcehir1a9ffy` FOREIGN KEY (`role_id`) REFERENCES `roles` (`id`)
) ENGINE=InnoDB DEFAULT CHARSET=utf8mb4 COLLATE=utf8mb4_0900_ai_ci;
/*!40101 SET character_set_client = @saved_cs_client */;

--
-- Dumping data for table `users_roles`
--

-- LOCK TABLES `users_roles` WRITE;
-- /*!40000 ALTER TABLE `users_roles` DISABLE KEYS */;
-- /*!40000 ALTER TABLE `users_roles` ENABLE KEYS */;
-- UNLOCK TABLES;
--
-- Dumping data for table `users_roles`
--

LOCK TABLES `users_roles` WRITE;
/*!40000 ALTER TABLE `users_roles` DISABLE KEYS */;
INSERT INTO `users_roles` VALUES 
(1,1),
(2,1),
(3,2),
(9,2),
(10,2),
(11,2),
(12,2),
(13,2),
(19,2),
(20,2),
(4,3),
(5,3),
(6,3),
(7,3),
(8,3),
(11,3),
(15,3),
(18,3),
(20,3),
(14,4),
(15,4),
(16,4),
(17,4),
(18,4),
(5,5),
(14,5),
(19,5),
(20,5),
(21,5),
(22,5),
(23,5);
/*!40000 ALTER TABLE `users_roles` ENABLE KEYS */;
UNLOCK TABLES;
/*!40103 SET TIME_ZONE=@OLD_TIME_ZONE */;


/*!40103 SET TIME_ZONE=@OLD_TIME_ZONE */;

/*!40101 SET SQL_MODE=@OLD_SQL_MODE */;
/*!40014 SET FOREIGN_KEY_CHECKS=@OLD_FOREIGN_KEY_CHECKS */;
/*!40014 SET UNIQUE_CHECKS=@OLD_UNIQUE_CHECKS */;
/*!40101 SET CHARACTER_SET_CLIENT=@OLD_CHARACTER_SET_CLIENT */;
/*!40101 SET CHARACTER_SET_RESULTS=@OLD_CHARACTER_SET_RESULTS */;
/*!40101 SET COLLATION_CONNECTION=@OLD_COLLATION_CONNECTION */;
/*!40111 SET SQL_NOTES=@OLD_SQL_NOTES */;

-- Dump completed on 2022-08-28  0:52:44
